Neighborhood,Price,Bedrooms,Bathrooms,Sqft,Description,Neighborhood Description
Midtown,500000.0,2,2,1500,"Beautiful contemporary style condo in the heart of Midtown. Only 5 years old, this property features an open floor plan, high ceilings, and modern finishes throughout.","Midtown is a vibrant and bustling neighborhood with a mix of restaurants, bars, and shops. It is also conveniently located near public transportation and major highways."
Buckhead,750000.0,3,3,2500,"Stunning single-family home in the upscale neighborhood of Buckhead. This property offers a traditional design with a contemporary twist, including a gourmet kitchen and spacious master suite.","Buckhead is known for its luxurious homes, upscale shopping, and fine dining options. It is also home to several prestigious private schools and is a popular choice for families."
Virginia Highlands,400000.0,1,1,800,Cozy and charming bungalow nestled in the desirable neighborhood of Virginia Highlands. This property has been recently renovated and features a fenced-in backyard and off-street parking.,"Virginia Highlands is a popular neighborhood for young professionals and families alike. It offers a mix of historic homes, trendy restaurants, and local shops, as well as easy access to the Beltline and Piedmont Park."
Downtown,500000.0,2,2,1500,Modern condo built in 2015 with sleek design and high-end finishes. Spacious open floor plan and large windows provide ample natural light.,"Located in the heart of downtown, this neighborhood offers a vibrant and bustling atmosphere with a variety of restaurants, shops, and entertainment options."
Suburbs,800000.0,4,3,3000,"Beautiful colonial style home with traditional charm and modern updates. Recently renovated kitchen and bathrooms, and a large backyard perfect for outdoor entertaining.","Nestled in a quiet suburban area, this neighborhood offers a peaceful and family-friendly environment. Close to schools and parks, this is a great location for those looking for a sense of community."
Beachfront,1200000.0,3,2,2000,Stunning oceanfront property with panoramic views and direct beach access. Modern and luxurious interior design with high ceilings and large windows.,"Experience the ultimate coastal lifestyle in this beachfront neighborhood. With endless water activities and a laid-back atmosphere, this is the perfect spot for those looking to live by the sea."
Upper East Side,2000000.0,3,2,2000,"Stunning 3 bedroom, 2 bathroom penthouse in the prestigious Upper East Side neighborhood. This newly renovated property boasts beautiful hardwood floors, modern appliances, and breathtaking views of the city skyline.","The Upper East Side is known for its luxurious residential buildings, high-end shopping, and top-rated restaurants. Enjoy the best of city living in this highly sought after neighborhood."
Park Slope,1200000.0,2,1,1500,"Charming 2 bedroom, 1 bathroom brownstone in the family-friendly neighborhood of Park Slope. This historic property features original details such as exposed brick walls and a decorative fireplace.","Park Slope is a picturesque neighborhood known for its tree-lined streets, diverse community, and beautiful parks. Enjoy a slower pace of life while still being just a short subway ride away from Manhattan."
Williamsburg,1800000.0,4,3,2200,"Modern 4 bedroom, 3 bathroom condo in the trendy neighborhood of Williamsburg. This spacious property features high ceilings, oversized windows, and a private balcony with stunning views of the city.","Williamsburg is a vibrant neighborhood known for its thriving art and music scene, trendy bars and restaurants, and unique street art. Live amongst the hip and creative crowd in this highly sought after area."
Upper East Side,1500000.0,3,2,1800,"Beautifully renovated 3 bedroom apartment in a classic pre-war building. The unit features hardwood floors, high ceilings, and plenty of natural light.","The Upper East Side is known for its luxury real estate, upscale shopping, and prestigious schools."
Williamsburg,1200000.0,2,2,1500,"Stylish and modern 2 bedroom loft in the heart of Williamsburg. The unit boasts exposed brick walls, large windows, and a private rooftop deck.","Williamsburg is a trendy and vibrant neighborhood with a thriving arts and music scene, as well as a variety of trendy restaurants and bars."
Park Slope,900000.0,1,1,1000,"Charming 1 bedroom co-op in a historic brownstone building. The unit has been recently renovated and features original details, a decorative fireplace, and a private balcony.","Park Slope is a highly desirable neighborhood with tree-lined streets, beautiful parks, and a strong sense of community."
West Village,1500000.0,2,2,1200,"Beautifully renovated 2 bedroom, 2 bathroom apartment in a historic brownstone building. Features hardwood floors, high ceilings, and plenty of natural light.","Located in the heart of the West Village, this neighborhood boasts charming tree-lined streets and a vibrant restaurant and shopping scene."
Upper East Side,2200000.0,3,2,1800,"Spacious and elegant 3 bedroom, 2 bathroom pre-war co-op with stunning city views. Features a grand living room, formal dining room, and updated kitchen and bathrooms.","The Upper East Side is known for its prestigious addresses, top-rated schools, and proximity to Central Park and the Museum Mile."
Williamsburg,900000.0,1,1,800,"Modern and stylish 1 bedroom, 1 bathroom condo in the heart of trendy Williamsburg. Features an open layout, high-end finishes, and a private balcony.","Known for its vibrant nightlife, diverse dining options, and waterfront parks, Williamsburg is a popular destination for young professionals and artists."
Greenwood,250000.0,3,2,1800,"Beautiful ranch-style home built in 1995. This property features a spacious living room with vaulted ceilings, a cozy fireplace, and a large backyard perfect for entertaining.","Located in the charming neighborhood of Greenwood, this property is surrounded by mature trees and offers easy access to local parks, restaurants, and shopping."
Downtown,500000.0,2,2,1200,"Stylish loft in the heart of Downtown. This modern property boasts an open floor plan, high ceilings, and floor-to-ceiling windows with stunning city views.","Experience city living at its finest in this vibrant neighborhood. Walk to popular restaurants, breweries, and entertainment venues."
West End,700000.0,4,3,2800,"Spacious colonial home built in 1920. This charming property has been fully renovated and features a gourmet kitchen, hardwood floors, and a cozy sunroom.","Nestled in the desirable West End neighborhood, this property offers a peaceful and picturesque setting while still being close to all the amenities of city living."
Upper East Side,500000.0,3,2,1500,"This cozy 3 bedroom, 2 bathroom apartment in a pre-war building is perfect for a small family. With hardwood floors and plenty of natural light, this property has a charming, vintage feel.","Located in the heart of the Upper East Side, this neighborhood is known for its upscale shopping and dining options. Residents can also enjoy nearby Central Park for outdoor activities."
West Village,850000.0,4,3,2500,"This modern 4 bedroom, 3 bathroom townhouse boasts high-end finishes and an open floor plan, perfect for entertaining. With a rooftop deck and private garage, this property has all the luxury amenities.","The West Village is known for its charming, tree-lined streets and trendy restaurants and cafes. It's a popular spot for young professionals and families alike."
Bushwick,350000.0,2,1,1000,"This newly renovated 2 bedroom, 1 bathroom apartment in a converted warehouse offers a modern and industrial aesthetic. With exposed brick walls and high ceilings, this property is perfect for young professionals.","Located in Brooklyn, Bushwick has become a hotspot for artists and creatives. With a lively arts and music scene, this neighborhood is known for its unique and eclectic vibe."
Park Slope,1500000.0,3,2,2000,"Beautiful brownstone home in the heart of Park Slope, recently renovated with modern finishes and plenty of natural light.","Park Slope is a highly sought after neighborhood known for its tree-lined streets, charming brownstones, and diverse community. It is home to many local businesses, restaurants, and parks."
Upper East Side,2200000.0,4,3,3000,"Spacious and elegant pre-war apartment on the Upper East Side, with high ceilings, hardwood floors, and original details throughout.","The Upper East Side is a prestigious and upscale neighborhood known for its luxury apartments, designer boutiques, and world-renowned museums such as the Metropolitan Museum of Art and the Guggenheim."
Williamsburg,1000000.0,2,2,1500,"Modern loft-style condo in trendy Williamsburg, featuring a spacious open layout and rooftop access with stunning city views.","Williamsburg is a hip and vibrant neighborhood known for its arts and music scene, trendy restaurants and bars, and unique shops and galleries. It offers easy access to Manhattan via the L train and East River Ferry."
Pacific Heights,1500000.0,3,2,1800,"Charming Victorian-style home built in 1900, featuring original hardwood floors and large bay windows. Perfect for families and conveniently located near popular shops and restaurants.","Pacific Heights is known for its beautiful Victorian homes and upscale shopping and dining options. It is also home to many parks and playgrounds, making it a family-friendly neighborhood."
Nob Hill,2300000.0,4,3,2500,"Modern and luxurious townhouse built in 2015, featuring sleek design and high-end finishes. Enjoy stunning views of the city from the rooftop deck.","Nob Hill is a historic and affluent neighborhood known for its upscale hotels, restaurants, and iconic landmarks such as the Grace Cathedral and Cable Car Museum."
Mission District,850000.0,2,1,1100,"Bright and airy loft-style condo in a trendy and vibrant neighborhood. Open floor plan with high ceilings and exposed brick walls, perfect for urban living.","The Mission District is a diverse and lively neighborhood known for its vibrant street art, delicious food, and eclectic mix of boutiques and shops. It is also home to many cultural events and festivals."
Midtown,500000.0,2,1,1000,"Charming Victorian style home with modern updates, perfect for a small family or young professionals.",Midtown is a bustling neighborhood with a mix of residential and commercial spaces. It is known for its diverse community and vibrant nightlife.
Suburbia,750000.0,4,2,2000,Spacious ranch style home in a quiet suburban neighborhood. Perfect for a large family or those who enjoy peace and quiet.,Suburbia is a peaceful and family-friendly neighborhood with plenty of green spaces and low crime rates. It is also known for its top-rated schools.
Downtown,1000000.0,3,3,1500,Luxurious penthouse condo with breathtaking views of the city skyline. Ideal for those who enjoy city living and upscale amenities.,"Downtown is the heart of the city, with easy access to restaurants, shopping, and entertainment. It is a popular choice for young professionals and empty nesters."
Brooklyn,500000.0,2,1,1000,Cozy brownstone townhouse with original details and modern updates in the heart of Brooklyn.,"Located in the vibrant neighborhood of Park Slope, this property is surrounded by trendy restaurants, bars, and shops."
Manhattan,1000000.0,3,2,1500,Luxurious high-rise condo with breathtaking city views and top-of-the-line amenities.,"Situated in the prestigious Upper East Side, this property offers convenient access to Central Park and world-renowned museums."
Queens,300000.0,1,1,750,Charming single-family home with a spacious backyard and plenty of natural light.,"Located in the quiet residential neighborhood of Forest Hills, this property is just a short commute to Manhattan and offers a peaceful escape from the city."
Downtown,500000.0,2,2,1000,Cozy and modern townhome in the heart of downtown. Recently renovated with new appliances and hardwood floors.,"Experience the energy of city living with easy access to restaurants, shops, and public transportation."
Suburbia,750000.0,4,3,2000,Spacious single-family home with a large backyard and plenty of natural light. Perfect for a growing family.,Escape the hustle and bustle of the city and enjoy a peaceful neighborhood with top-rated schools and community events.
Beachfront,1000000.0,3,2,1500,Luxurious beachfront condo with stunning ocean views. Fully furnished and move-in ready.,Live the vacation lifestyle every day with direct beach access and nearby entertainment and dining options.
Midtown,500000.0,2,2,1200,"Beautifully renovated townhouse in the heart of Midtown. Modern design, new appliances, and a spacious backyard.",Midtown is a bustling neighborhood with a vibrant nightlife and plenty of trendy restaurants and shops.
Suburban,350000.0,3,2,1500,Charming single-family home in a quiet suburban neighborhood. Recently updated kitchen and bathrooms.,"This peaceful suburban neighborhood is perfect for families, with top-rated schools and plenty of parks and green spaces."
Downtown,800000.0,1,1,1000,"Luxurious loft-style condo in the heart of downtown. High ceilings, exposed brick, and stunning city views.","Downtown is the center of the city, with easy access to public transportation, upscale dining, and cultural attractions."
Upper East Side,2500000.0,3,2,2000,"Stunning brownstone in the heart of the Upper East Side, with modern finishes and classic charm. This 3 bedroom, 2 bathroom property boasts 2,000 square feet of living space and a prime location.","Located on a quiet tree-lined street, this neighborhood is known for its upscale shops, world-renowned museums, and close proximity to Central Park."
Brooklyn Heights,1500000.0,2,1,1200,"Charming pre-war apartment in the historic Brooklyn Heights neighborhood. This 2 bedroom, 1 bathroom property features 1,200 square feet of living space and original details like hardwood floors and exposed brick walls.","Nestled between the Brooklyn Bridge and the iconic promenade, this neighborhood offers a picturesque setting and a lively community with local boutiques, restaurants, and parks."
West Village,5000000.0,4,3,3500,"Luxury townhouse in the sought-after West Village. This 4 bedroom, 3 bathroom property boasts 3,500 square feet of living space, high-end finishes, and a private rooftop terrace with stunning city views.","Known for its charming cobblestone streets, trendy restaurants, and quaint cafes, the West Village is a highly desirable neighborhood with a rich history and vibrant arts scene."
Upper East Side,1500000.0,3,2,2000,"This stunning brownstone townhouse, built in the 1920s, boasts elegant pre-war charm with modern updates. Featuring 3 spacious bedrooms and 2 full bathrooms, this property is the perfect blend of classic and contemporary.","Located in the prestigious Upper East Side, this neighborhood offers a mix of luxury living and cultural attractions. With world-renowned museums and high-end shopping, it's the ideal location for those seeking a refined lifestyle."
Williamsburg,1200000.0,2,1,1500,"This newly renovated loft-style condo offers an open concept layout with high ceilings and large windows, allowing for plenty of natural light. With 2 bedrooms and 1 bathroom, this modern property is perfect for those looking for a sleek and stylish living space.","Located in the heart of Brooklyn, Williamsburg is a vibrant and eclectic neighborhood filled with trendy restaurants, bars, and boutiques. With easy access to public transportation, this area is ideal for those who want to be in the center of it all."
West Village,2500000.0,4,3,3000,"This beautiful townhouse, originally built in the 1800s, has been fully renovated to offer modern amenities while maintaining its historic charm. With 4 spacious bedrooms and 3 full bathrooms, this property is perfect for families or those who love to entertain.","The West Village is known for its quaint tree-lined streets, boutique shops, and charming cafes. With a mix of historic brownstones and luxury apartments, this neighborhood offers a unique blend of old and new."
The heart of downtown Chicago,500000.0,2,2,1200,"This modern and spacious condo in the heart of downtown Chicago boasts 2 bedrooms, 2 bathrooms, and 1200 square feet of living space. Enjoy stunning city views and all the amenities of city living.","Experience the best of city living in this vibrant and bustling neighborhood. With easy access to public transportation, top-rated restaurants, and endless entertainment options, this location can't be beat."
Quiet suburban neighborhood in Los Angeles,750000.0,4,3,2000,"This charming single-family home in a quiet suburban neighborhood in Los Angeles features 4 bedrooms, 3 bathrooms, and 2000 square feet of living space. With a spacious backyard and plenty of natural light, this home is perfect for families.",Escape the hustle and bustle of the city in this peaceful suburban neighborhood. Enjoy the convenience of nearby shopping and dining options while still having a quiet and tranquil place to call home.
Historic brownstone in Brooklyn,1000000.0,3,2,1800,"Step back in time with this historic brownstone in the heart of Brooklyn. Featuring 3 bedrooms, 2 bathrooms, and 1800 square feet of living space, this home has been beautifully preserved with original details and modern updates.","Live in the heart of one of Brooklyn's most sought-after neighborhoods. With charming tree-lined streets, trendy restaurants and shops, and easy access to public transportation, this neighborhood offers the perfect blend of city living and community."
Upper West Side,2000000.0,3,2,1500,"Beautifully renovated pre-war apartment in a classic Upper West Side building. Features high ceilings, hardwood floors, and plenty of natural light.","The Upper West Side is known for its charming tree-lined streets, historic brownstones, and proximity to Central Park and the Hudson River. Residents enjoy a mix of upscale restaurants, boutique shops, and cultural institutions."
Park Slope,1500000.0,4,2,2000,"Spacious single-family townhouse with original details and modern updates. Located in the heart of Park Slope, steps from Prospect Park.","Park Slope is a family-friendly neighborhood with a vibrant community feel. Residents enjoy a mix of trendy restaurants, local businesses, and access to Prospect Park's many amenities."
Greenwich Village,3000000.0,2,2,1800,"Stunning loft in a converted warehouse building in the heart of Greenwich Village. Features exposed brick, high ceilings, and top-of-the-line appliances.","Greenwich Village is a historic and highly sought-after neighborhood known for its charming streets, vibrant nightlife, and abundance of cultural attractions. Residents enjoy a mix of upscale dining, boutique shopping, and easy access to public transportation."
Williamsburg,1200000.0,1,1,1000,"Modern and sleek condo in the heart of Williamsburg. Features floor-to-ceiling windows, a private balcony, and access to a rooftop pool and lounge.","Williamsburg is a trendy and dynamic neighborhood known for its bustling restaurant and bar scene, vibrant street art, and proximity to the East River. Residents enjoy a mix of modern amenities and historic charm."
Tribeca,5000000.0,4,3,3000,"Luxurious penthouse with breathtaking views of the Manhattan skyline. Features a private elevator entrance, high-end finishes, and a wraparound terrace.","Tribeca is a highly coveted neighborhood known for its cobblestone streets, industrial architecture, and exclusive restaurants and boutiques. Residents enjoy a mix of upscale living and easy access to downtown Manhattan."
Upper East Side,2000000.0,3,2,2000,"Gorgeous 3 bedroom apartment in a classic pre-war building, with stunning city views and modern finishes.","The Upper East Side is known for its upscale residential buildings, high-end shopping, and prestigious museums such as the Metropolitan Museum of Art."
Williamsburg,1000000.0,2,1,1200,"Charming 2 bedroom loft in the heart of Williamsburg, with exposed brick walls and original hardwood floors.","Williamsburg is a trendy Brooklyn neighborhood with a vibrant arts and music scene, as well as a wide selection of restaurants and bars."
West Village,3500000.0,4,3,3000,"Spacious 4 bedroom townhouse with a private garden in the historic West Village, featuring high ceilings and elegant details.","The West Village is a charming and picturesque neighborhood with cobblestone streets, boutique shops, and some of the best restaurants in the city."
Lower Queen Anne,800000.0,2,1,1000,"Charming craftsman style home in the heart of Lower Queen Anne. Built in 1920, this 2 bedroom, 1 bathroom home features original hardwood floors and a cozy fireplace.",Lower Queen Anne is a vibrant neighborhood with a mix of historic homes and modern developments. It is home to the iconic Space Needle and offers easy access to downtown Seattle.
Capitol Hill,1200000.0,3,2,2000,"Stunning modern home in the heart of Capitol Hill. Built in 2015, this 3 bedroom, 2 bathroom home boasts an open floor plan, high-end finishes, and breathtaking city views.","Capitol Hill is a trendy and eclectic neighborhood known for its lively nightlife, diverse dining options, and beautiful parks. It is a popular destination for young professionals and artists."
Ballard,600000.0,1,1,800,"Cozy bungalow in the heart of Ballard. This 1 bedroom, 1 bathroom home offers a peaceful retreat with a private backyard and updated kitchen.","Ballard is a charming and historic neighborhood with a strong Scandinavian influence. It is known for its thriving culinary scene, farmers market, and waterfront views."
Upper East Side,2500000.0,3,2,2000,"Beautifully renovated 3 bedroom apartment in a classic brownstone building. Features include hardwood floors, high ceilings, and plenty of natural light.","This prestigious neighborhood is known for its upscale shopping, dining, and cultural attractions. It is also home to many historic landmarks and green spaces."
Williamsburg,1500000.0,2,2,1500,"Modern loft-style condo in a newly constructed building. Open floor plan, exposed brick walls, and high-end finishes throughout.","One of Brooklyn's trendiest neighborhoods, Williamsburg is known for its vibrant art and music scene, as well as its eclectic mix of restaurants and bars."
Greenwich Village,4000000.0,4,3,3000,Stunning townhouse with a private garden and rooftop terrace. This historic home has been completely renovated with modern amenities while preserving its original charm.,"This iconic neighborhood is known for its bohemian vibe, charming tree-lined streets, and diverse community. It is also home to many famous landmarks and cultural institutions."
Upper East Side,2000000.0,3,2,2000,"Beautiful and spacious 3 bedroom, 2 bathroom apartment in a classic Upper East Side building.","The Upper East Side is known for its upscale shops, restaurants, and museums, making it a desirable and convenient location for residents."
Brooklyn Heights,1500000.0,2,1,1300,"Charming 2 bedroom, 1 bathroom brownstone in the historic neighborhood of Brooklyn Heights.","Brooklyn Heights offers a peaceful and picturesque escape from the bustling city, with tree-lined streets and beautiful views of the Manhattan skyline."
Greenwich Village,3000000.0,4,3,2500,"Stunning 4 bedroom, 3 bathroom loft in the heart of Greenwich Village.","Greenwich Village is known for its bohemian vibe and artistic community, with trendy restaurants, bars, and shops lining its charming streets."
Midtown,1500000.0,2,2,2000,Stylish and modern loft in the heart of Midtown. Recently renovated with top-of-the-line finishes and appliances. Perfect for a young professional or couple looking for a prime location and upscale living.,"Midtown is a vibrant and bustling neighborhood filled with restaurants, bars, and cultural attractions. It is a sought-after area for young professionals, with easy access to public transportation and a lively atmosphere."
Brooklyn Heights,800000.0,1,1,1000,Cozy and charming brownstone apartment in the historic Brooklyn Heights neighborhood. This unit features original details and a private outdoor space. Ideal for anyone looking for a peaceful and picturesque home in the city.,"Brooklyn Heights is a picturesque and quaint neighborhood known for its beautiful brownstone homes and tree-lined streets. It offers a quiet and peaceful atmosphere, while still being close to all the amenities of the city."
Harlem,250000.0,2,1,1000,"Cozy brownstone in the heart of Harlem, perfect for a small family.","Harlem is a vibrant and diverse neighborhood, known for its rich history and culture."
Upper East Side,800000.0,3,2,1500,Luxurious penthouse with stunning views of Central Park.,The Upper East Side is one of the most exclusive and upscale neighborhoods in New York City.
Williamsburg,500000.0,1,1,800,"Modern loft in the trendy neighborhood of Williamsburg, perfect for young professionals.","Williamsburg is a hip and bustling neighborhood, known for its thriving arts and music scene."
Brooklyn Heights,1500000.0,3,2,1800,"Beautiful brownstone townhouse in the heart of Brooklyn Heights. This 19th century home boasts historic charm with modern updates, including a renovated kitchen and bathrooms.","Brooklyn Heights is known for its tree-lined streets, historic architecture, and close proximity to some of the best restaurants and shops in Brooklyn."
Upper East Side,2500000.0,2,2,1500,"Luxurious Upper East Side penthouse with stunning views of Central Park. This modern and spacious apartment features floor-to-ceiling windows, high-end appliances, and a private terrace.","The Upper East Side is one of the most affluent and prestigious neighborhoods in New York City. It is home to many upscale restaurants, designer boutiques, and iconic museums."
Greenwich Village,1200000.0,1,1,1000,"Charming pre-war co-op in the heart of Greenwich Village. This cozy one bedroom apartment boasts original hardwood floors, exposed brick walls, and a decorative fireplace.","Greenwich Village is a vibrant and eclectic neighborhood known for its bohemian culture, historic buildings, and diverse dining options. It is also home to New York University's main campus."
Downtown,500000.0,2,2,1200,"Beautiful modern condo in the heart of downtown, recently renovated with high-end finishes and appliances.","The downtown area is known for its vibrant nightlife and convenient access to restaurants, shopping, and public transportation."
Suburbs,750000.0,4,3,2500,"Spacious single-family home in a quiet suburban neighborhood, perfect for a growing family.",The suburbs offer a peaceful and family-friendly environment with great schools and parks nearby.
Beachfront,1000000.0,3,2,1800,"Charming beachfront cottage with stunning ocean views, perfect for a vacation home or rental property.","Located on a beautiful stretch of beach, this neighborhood offers a relaxed and laid-back atmosphere with plenty of outdoor activities and local seafood restaurants to enjoy."
Lakeview,500000.0,3,2,1500,Charming colonial-style home built in 1950 with modern updates. Features a spacious backyard and recently renovated kitchen.,"Lakeview is a popular suburban neighborhood with a strong sense of community. It offers great schools, parks, and easy access to the city."
Downtown,750000.0,2,2,1300,Luxurious high-rise condo with stunning views of the city skyline. Recently renovated with high-end finishes and amenities.,"Downtown is the bustling center of the city, known for its vibrant nightlife, upscale restaurants, and trendy shops."
Hyde Park,300000.0,1,1,900,Cozy bungalow located in the heart of Hyde Park. Features original hardwood floors and a private backyard oasis.,"Hyde Park is a historic neighborhood known for its diverse community, beautiful parks, and proximity to the lakefront."
Upper East Side,1500000.0,3,2,2000,"Stunning and spacious 3 bedroom, 2 bathroom apartment in the heart of the Upper East Side. This recently renovated unit features modern finishes and abundant natural light.","Located in one of the most coveted neighborhoods in New York City, the Upper East Side offers plenty of upscale dining and shopping options, as well as beautiful parks and easy access to public transportation."
Echo Park,850000.0,2,1,1400,Charming 1920s bungalow with 2 bedrooms and 1 bathroom in the trendy neighborhood of Echo Park. This home boasts original hardwood floors and a spacious backyard perfect for entertaining.,"Echo Park is known for its vibrant and diverse community, as well as its stunning views of the Los Angeles skyline. With its proximity to Downtown LA, this neighborhood is a favorite among young professionals and artists."
Georgetown,2200000.0,4,3,3000,"Elegant and historic 4 bedroom, 3 bathroom townhouse in the charming neighborhood of Georgetown. This home features original architectural details and a private garden oasis.","Georgetown is one of the oldest and most picturesque neighborhoods in Washington D.C. Known for its cobblestone streets and quaint shops, this area also offers a variety of high-end restaurants and bars."
Westwood,450000.0,3,2,1800,"Charming 2-story traditional home in a quiet neighborhood. Built in 1995, this home features a spacious kitchen, cozy fireplace, and beautiful backyard.",Westwood is a family-friendly neighborhood with great schools and easy access to shopping and dining options.
Downtown,650000.0,2,2,1200,"Stunning modern condo in the heart of downtown. This newly built unit boasts high ceilings, floor-to-ceiling windows, and a rooftop deck with city views.","Experience the vibrant city life in Downtown, with endless entertainment and dining options just steps away."
Brentwood,350000.0,2,1,1000,"Cozy single-family home in a peaceful suburban neighborhood. This well-maintained home features a large backyard, hardwood floors, and a bonus room that can be used as a home office.","Brentwood offers a quiet and laid-back atmosphere, with plenty of parks and green spaces for outdoor activities."
Belltown,850000.0,2,2,1200,"Stunning, modern condo in the heart of Belltown. This 2 bedroom, 2 bathroom unit features floor-to-ceiling windows, high-end finishes, and breathtaking views of the city.","Belltown is a vibrant neighborhood known for its trendy restaurants, bars, and art galleries. Residents enjoy easy access to downtown Seattle and waterfront parks."
Queen Anne,650000.0,3,2,1500,"Charming Craftsman home in the desirable Queen Anne neighborhood. This 3 bedroom, 2 bathroom house boasts original hardwood floors, a cozy fireplace, and a spacious backyard.",Queen Anne is a quiet and picturesque neighborhood with tree-lined streets and stunning views of the city. Residents are just a short walk away from local shops and restaurants.
Capitol Hill,1200000.0,4,3,2000,"Elegant townhouse in the heart of Capitol Hill. This 4 bedroom, 3 bathroom home features a gourmet kitchen, luxurious master suite, and a rooftop deck with panoramic views.","Capitol Hill is a bustling neighborhood known for its diverse community, lively nightlife, and eclectic dining options. Residents enjoy easy access to public transportation and popular parks."
Upper East Side,2000000.0,3,2,1800,"Elegant and spacious pre-war apartment with stunning city views, located in the desirable Upper East Side neighborhood.","The Upper East Side is known for its upscale restaurants, designer boutiques, and proximity to Central Park."
West Village,1500000.0,2,1,1200,"Charming and cozy brownstone townhouse with a private garden, located in the trendy West Village neighborhood.","The West Village is known for its picturesque streets, lively nightlife, and eclectic mix of shops and restaurants."
Williamsburg,1000000.0,1,1,800,"Modern and stylish loft apartment with high ceilings and exposed brick, located in the hip neighborhood of Williamsburg.","Williamsburg is known for its vibrant arts and music scene, trendy bars and restaurants, and stunning views of the Manhattan skyline."
Upper East Side,5000000.0,3,2,2000,Stunning and spacious 3 bedroom apartment in the heart of the Upper East Side. Recently renovated with modern finishes and plenty of natural light.,"The Upper East Side is known for its luxurious residential buildings, high-end shopping and dining options, and proximity to Central Park."
Greenwich Village,750000.0,1,1,800,"Charming 1 bedroom in a historic brownstone building in Greenwich Village. Exposed brick walls, hardwood floors, and a decorative fireplace add character to this cozy apartment.","Greenwich Village is a vibrant and diverse neighborhood, known for its artistic community, eclectic shops and restaurants, and beautiful tree-lined streets."
Williamsburg,2000000.0,4,3,2500,"Modern and spacious 4 bedroom duplex in the hip neighborhood of Williamsburg. High ceilings, large windows, and a private rooftop terrace with stunning city views.","Williamsburg is a trendy and lively neighborhood, known for its thriving arts and music scene, unique shops and eateries, and beautiful waterfront views."
Dorchester,349000.0,3,2,1500,"Charming colonial style home with modern updates, built in the 1920s. Spacious living room and kitchen with hardwood floors throughout.",Dorchester is a historic neighborhood with a strong sense of community. It is known for its beautiful parks and diverse dining options.
Beacon Hill,1495000.0,2,3,2000,"Stunning brownstone in the heart of Beacon Hill, built in the 1800s. Elegant living and dining areas with high ceilings and original details.",Beacon Hill is a highly desirable neighborhood known for its picturesque streets and upscale shopping and dining options.
South End,1250000.0,4,3,2200,"Beautiful Victorian home with a modern twist, located in the South End. Bright and airy rooms with a private backyard oasis.",The South End is a trendy and vibrant neighborhood with a thriving arts scene and diverse community. It is known for its charming brownstones and bustling restaurants.
Midtown Manhattan,1200000.0,2,2,1200,"Beautiful, spacious 2 bedroom apartment in a luxury high-rise building. Recently renovated with modern finishes.","Located in the heart of Midtown Manhattan, this neighborhood is known for its bustling streets, iconic landmarks, and endless options for dining, shopping, and entertainment."
Pacific Heights,2500000.0,4,3,3000,Elegant and classic 4 bedroom Victorian home with stunning views of the San Francisco Bay. Original details and updated amenities.,"One of the most prestigious neighborhoods in San Francisco, Pacific Heights is known for its grand homes, picturesque streets, and proximity to popular parks and attractions."
South Beach,800000.0,1,1,800,Modern and sleek 1 bedroom condo in a luxury high-rise building. Floor-to-ceiling windows with views of the Bay Bridge.,"Located in the heart of San Francisco's vibrant South Beach neighborhood, this area is known for its trendy restaurants, lively nightlife, and waterfront views."
West Hollywood,750000.0,2,2,1200,"Modern 2 bedroom, 2 bathroom condo in the heart of West Hollywood. Recently renovated with high-end finishes and a spacious open floor plan.","West Hollywood is known for its trendy restaurants, bars, and shops. This property is located in a quiet residential area just steps away from the action."
Beverly Hills,2500000.0,5,4,4000,"Luxurious 5 bedroom, 4 bathroom home in prestigious Beverly Hills. This stunning property features a grand entrance, gourmet kitchen, and expansive backyard with pool and spa.","Beverly Hills is one of the most affluent neighborhoods in Los Angeles, known for its upscale shopping, dining, and celebrity sightings. This property is located in a quiet and exclusive residential area."
Santa Monica,1500000.0,3,2,2000,"Charming 3 bedroom, 2 bathroom bungalow in the desirable Santa Monica neighborhood. This well-maintained home boasts a spacious backyard and detached guest house.",Santa Monica is a popular beachside community with a laid-back atmosphere and plenty of outdoor activities. This property is located in a quiet and family-friendly neighborhood.
Upper East Side,1500000.0,3,2,2500,"Beautiful brownstone townhouse with modern updates, located in the heart of the Upper East Side. Features a spacious living room, updated kitchen, and a private backyard oasis.","The Upper East Side is known for its luxury living, upscale restaurants, and high-end shops. This neighborhood is home to many prestigious schools and is a popular destination for families and professionals."
Greenwich Village,2200000.0,2,2,1800,"Charming pre-war apartment with original details and modern amenities, located in the historic Greenwich Village. Features a spacious layout, high ceilings, and a private balcony.","Greenwich Village is a vibrant and diverse neighborhood known for its artistic and bohemian atmosphere. It offers a mix of trendy restaurants, quaint cafes, and unique shops, making it a popular destination for young professionals and students."
Park Slope,1200000.0,4,2,2000,"Spacious duplex with a modern design, located in the highly sought-after Park Slope neighborhood. Features an open concept living area, updated kitchen, and a private rooftop deck with stunning views.","Park Slope is a family-friendly neighborhood known for its tree-lined streets, beautiful parks, and charming brownstones. It offers a mix of trendy restaurants, local boutiques, and community events, making it a popular destination for families and young professionals."
Old Town,450000.0,4,2,2000,"Beautiful Victorian-style home built in 1920, with original hardwood floors and charming details throughout.","Old Town is a historic neighborhood filled with quaint shops, local restaurants, and tree-lined streets perfect for an evening stroll."
Suburban Heights,650000.0,5,3,3500,"Modern two-story home with open floor plan and high-end finishes, perfect for entertaining.","Suburban Heights is a quiet and family-friendly neighborhood, with highly-rated schools and easy access to parks and trails."
Downtown,800000.0,3,2,1800,"Luxurious penthouse condo with stunning city views, high ceilings, and top-of-the-line appliances.","Downtown is the heart of the city, with endless entertainment options, trendy restaurants, and a vibrant nightlife scene."
Midtown,350000.0,2,2,1500,"Beautiful 2 bedroom, 2 bathroom condo in the heart of Midtown. This modern unit features high ceilings, hardwood floors, and stunning city views.",Midtown is known for its vibrant nightlife and diverse dining options. It is also home to several major corporate headquarters and is a popular destination for young professionals.
Buckhead,550000.0,3,3,2000,"Spacious 3 bedroom, 3 bathroom townhome in the upscale neighborhood of Buckhead. This recently renovated unit boasts a gourmet kitchen, luxurious master suite, and private patio.","Buckhead is known for its upscale shopping and dining options, as well as its beautiful tree-lined streets and historic homes. It is a popular destination for families and young professionals."
Downtown,700000.0,4,3,2500,"Stunning 4 bedroom, 3 bathroom loft in the heart of Downtown. This industrial-style unit features exposed brick, high ceilings, and a rooftop deck with breathtaking city views.","Downtown is the bustling center of the city, known for its iconic skyscrapers, world-class museums, and vibrant arts scene. It is a popular destination for tourists and young professionals alike."
Midtown,500000.0,3,2,2000,"Beautiful Victorian-style home built in 1920, completely renovated with modern amenities and original charm. Located in the highly sought after neighborhood of Midtown.","Midtown is a vibrant and diverse neighborhood known for its historic homes, trendy restaurants, and proximity to downtown. Residents enjoy a mix of urban and suburban living."
Suburbia,300000.0,4,3,2500,"Spacious ranch-style home with a large backyard, perfect for a growing family. Recently updated with new appliances and flooring. Located in the quiet and family-friendly neighborhood of Suburbia.","Suburbia is a peaceful and family-oriented neighborhood with top-rated schools, parks, and community events. It offers a suburban lifestyle with easy access to the city."
Downtown,750000.0,2,2,1500,"Modern loft-style condo in the heart of downtown. Open floor plan with floor-to-ceiling windows and stunning city views. Walking distance to restaurants, shops, and entertainment.","Downtown is the bustling and energetic center of the city, with a mix of commercial and residential buildings. It offers a dynamic and convenient lifestyle with easy access to public transportation."
West Village,1000000.0,3,2,1500,"Charming brownstone townhouse in the heart of the West Village. Recently renovated with modern finishes, this 3 bedroom, 2 bathroom property is perfect for city living.","The West Village is known for its quaint streets, trendy restaurants and cafes, and proximity to the Hudson River. It's a highly sought-after neighborhood for young professionals and families alike."
Upper East Side,2500000.0,4,3,2000,"Elegant pre-war apartment on the Upper East Side. This spacious 4 bedroom, 3 bathroom property features high ceilings, hardwood floors, and classic architectural details.","The Upper East Side is known for its upscale shopping, dining, and cultural institutions. It's a prestigious neighborhood with a mix of historic charm and modern luxury."
Park Slope,800000.0,2,1,1000,"Cozy condo in the heart of Park Slope. This 2 bedroom, 1 bathroom property has a private balcony with stunning views of Prospect Park.","Park Slope is a family-friendly neighborhood with tree-lined streets, beautiful brownstones, and easy access to Prospect Park. It's also known for its vibrant restaurant and bar scene."
Upper East Side,2000000.0,3,2,2000,"This spacious, newly renovated apartment in a classic pre-war building offers the perfect blend of modern amenities and old-world charm. With three bedrooms and two bathrooms, there is plenty of space for a growing family.","Located in the heart of the Upper East Side, this neighborhood is known for its prestigious schools, luxury shopping, and beautiful parks."
Williamsburg,850000.0,1,1,800,"Live in the heart of one of Brooklyn's trendiest neighborhoods in this modern, industrial-style loft. With high ceilings, exposed brick, and a private balcony, this apartment is perfect for a young professional or couple.","Williamsburg is a bustling neighborhood known for its vibrant art scene, trendy restaurants and bars, and waterfront parks with stunning views of Manhattan."
Pacific Heights,3500000.0,4,3,3000,"Experience luxury living in this stunning, newly built townhouse in the exclusive Pacific Heights neighborhood. With four bedrooms and three bathrooms, this property offers the perfect combination of space and sophistication.","Located in one of San Francisco's most affluent neighborhoods, Pacific Heights is known for its picturesque streets lined with historic mansions, upscale boutiques, and top-rated restaurants."
Upper East Side,1500000.0,2,2,1500,"Beautifully renovated 2 bedroom, 2 bathroom apartment in a classic brownstone building. Features include high ceilings, hardwood floors, and a modern kitchen with stainless steel appliances.","The Upper East Side is known for its luxury apartments, upscale shopping, and renowned museums such as the Metropolitan Museum of Art and the Guggenheim."
Williamsburg,1200000.0,3,2,1800,"Spacious loft-style 3 bedroom, 2 bathroom condo in the heart of trendy Williamsburg. This modern unit features exposed brick walls, high ceilings, and a private balcony with city views.","Williamsburg is a vibrant neighborhood known for its thriving art scene, trendy restaurants and bars, and easy access to Manhattan via the L train."
Park Slope,800000.0,1,1,800,"Charming 1 bedroom, 1 bathroom co-op in a historic brownstone building. This top-floor unit boasts plenty of natural light, original hardwood floors, and a decorative fireplace.","Park Slope is a family-friendly neighborhood with tree-lined streets, beautiful brownstone buildings, and a variety of local shops and restaurants."
North Charleston,250000.0,3,2,2000,"Modern 3 bedroom, 2 bathroom home in North Charleston. Recently renovated with updated appliances and spacious living areas.","Located in the up-and-coming neighborhood of North Charleston, this property is close to local restaurants and shops, and offers easy access to downtown."
Mount Pleasant,500000.0,4,3,3000,"Large 4 bedroom, 3 bathroom house in Mount Pleasant. This traditional style home features a beautiful wrap-around porch and a spacious backyard.","Located in the highly desirable neighborhood of Mount Pleasant, this property is just a short drive to the beach and offers top-rated schools and family-friendly amenities."
Downtown Charleston,750000.0,5,4,4000,"Stunning 5 bedroom, 4 bathroom historic home in Downtown Charleston. This charming property features original hardwood floors and a rooftop deck with views of the city.",Live in the heart of Charleston's historic district with this property in Downtown Charleston. Walk to local attractions and enjoy all the city has to offer.
Brookline,1000000.0,3,2,2000,"This charming Victorian home, built in 1900, features 3 bedrooms, 2 bathrooms, and 2000 square feet of living space. The property boasts original hardwood floors, a spacious backyard, and a cozy front porch perfect for enjoying the quiet Brookline neighborhood.","Brookline is a picturesque neighborhood known for its tree-lined streets, historic homes, and friendly community. With easy access to public transportation and a variety of local shops and restaurants, this is the perfect place to call home."
Beacon Hill,1500000.0,4,3,2500,"Located in the heart of Beacon Hill, this stunning townhouse features 4 bedrooms, 3 bathrooms, and 2500 square feet of luxurious living space. The property boasts high-end finishes, a private rooftop deck, and a gourmet kitchen with top-of-the-line appliances.","Beacon Hill is one of Boston's most historic and prestigious neighborhoods, known for its charming cobblestone streets, beautiful brownstones, and close proximity to the city's best shopping and dining. Enjoy the best of city living in this exclusive neighborhood."
Cambridge,800000.0,2,2,1500,"Welcome to this modern and spacious condo in the vibrant city of Cambridge. With 2 bedrooms, 2 bathrooms, and 1500 square feet of living space, this property offers an open floor plan, high ceilings, and large windows allowing for plenty of natural light.","Cambridge is a bustling city known for its prestigious universities, diverse population, and lively atmosphere. This property is conveniently located near public transportation, parks, and a variety of local shops and restaurants."
West End,500000.0,3,2,1500,"Charming 3 bedroom, 2 bathroom colonial style home in the desirable West End neighborhood. Recently renovated with modern finishes and a spacious backyard.",The West End neighborhood is known for its beautiful tree-lined streets and close proximity to local parks and schools.
Downtown,750000.0,4,3,2000,"Modern 4 bedroom, 3 bathroom loft in the heart of Downtown. This recently built property boasts high ceilings, large windows, and a rooftop terrace with city views.","Downtown is a bustling neighborhood filled with restaurants, shops, and entertainment options. Residents enjoy easy access to public transportation and a vibrant city atmosphere."
Suburbs,400000.0,2,1,1200,"Cozy 2 bedroom, 1 bathroom ranch-style home in a quiet suburban neighborhood. Perfect for first-time home buyers or those looking to downsize.","The Suburbs neighborhood offers a peaceful and family-friendly atmosphere, with plenty of parks, schools, and community events."
Upper East Side,2000000.0,3,2,1500,Beautiful brownstone townhouse located in the exclusive Upper East Side neighborhood. Recently renovated with modern amenities while preserving its classic charm.,"Known for its upscale shopping and dining, the Upper East Side is a highly desirable neighborhood with easy access to Central Park and top-rated schools."
Williamsburg,1500000.0,2,2,1200,Stylish loft apartment in the trendy neighborhood of Williamsburg. Industrial-chic design with exposed brick walls and high ceilings.,"A thriving arts and entertainment scene, along with a variety of hip restaurants and bars, make Williamsburg a popular choice for young professionals and creatives."
Pacific Heights,3500000.0,4,3,2500,Elegant Victorian home in the prestigious Pacific Heights neighborhood. Featuring intricate architectural details and stunning views of the San Francisco Bay.,"One of the most desirable neighborhoods in San Francisco, Pacific Heights is known for its grand mansions, tree-lined streets, and proximity to top-rated schools and boutique shops."
